model,query_id,query_text,category,P@10,P@20,P@30,R@30,NDCG@10,NDCG@20,NDCG@30,AP,vocab_size,exec_time_seconds
Hybrid_Weighted_BM25_BGE,0,sales specialist minimum qualifications bachelors degree or equivalent practical experience years of experience in saas or productivity tools businessexperience managing enterprise accounts with sales cycles preferred qualifications years of experience building strategic business partnerships with enterprise customersability to work through and with a reseller ecosystem to scale the businessability to plan pitch and execute a territory business strategyability to build relationships and to deliver results in a crossfunctionalmatrixed environmentability to identify crosspromoting and uppromoting opportunities within the existing account baseexcellent account management writtenverbal communication strategic and analyticalthinking skills about the job as a member of the google cloud team you inspire leading companies schools and government agencies to work smarter with google tools like google workspace search and chrome you advocate the innovative power of our products to make organizations more productive collaborative and mobile your guiding light is doing whats right for the customer you will meet customers exactly where they are at and provide them the best solutions for innovation using your passion for google products you help spread the magic of google to organizations around the world the google workspace team helps customers transform and evolve their business through the use of googles productivity collaboration and content management suite of applications as part of an entrepreneurial team in this growing business you will help shape the future of businesses use technology to connect with customers employees and partners as a google workspace sales specialist you will be responsible for maintenance and expansion of google workspace business growth across the region with customers in this role youll create and execute the strategy and provide unique insights on applying google workspace solutions to enterprisesyou will build an excellent pipeline and work with the account teams to build out the customer solution and establish partnerships you will strategize with partners to increase account and territory business growth you will work directly with customers coordinate internal resources and construct successful strategies at account and territory level google cloud accelerates organizations ability to digitally transform their business with the best infrastructure platform industry solutions and expertise we deliver enterprisegrade solutions that leverage googles cuttingedge technology all on the cleanest cloud in the industry customers in more than countries and territories turn to google cloud as their trusted partner to enable growth and solve their most critical business problems,SALES,0.2,0.25,0.23333333333333334,0.0603448275862069,0.14465249243306436,0.19732542674463302,0.19823385466803847,0.014129825608954465,Hybrid,355.2021904379999
Hybrid_Weighted_BM25_BGE,1,apple solutions consultant description as an asc you will be highly influential in growing mind and market share of apple products while building longterm relationships with those who share your passion customer experiences are driven through you and your partner team growing in an ever changing and challenging environment you strive for perfection whether its maintaining visual merchandising or helping to grow and develop your partner team qualifications a passion to help people understand how apple products can enrich their livesexcellent communication skills allowing you to be as comfortable in front of a small group as you are speaking with individuals years preferred working in a dynamic sales andor results driven environment as well as proven success developing customer loyaltyability to encourage a partner team and grow apple business,CONSULTANT,0.4,0.3,0.3333333333333333,0.08695652173913043,0.5541432109622958,0.4312889730807988,0.42488295952582644,0.0520419341213292,Hybrid,355.2021904379999
Hybrid_Weighted_BM25_BGE,2,web designer description web designers looking to expand your professional reach welcome to robert half marketing creative start the process with robert half today we are searching for highly skilled web designers with experience working within corporate brand standards and guidelines the ideal candidates would have advanced skills in creating wireframes designing mobile applications landing pages interactive sites qa testing experience working with various interfaces and familiarity with uxui design principles candidates are expected to have strong skills in adobe photoshop illustrator and indesign any experience in html css and javascript is a major plus familiarity with content management systems is highly preferred there is nothing more satisfying when looking for freelance and fulltime creative opportunities than working with someone who knows your area of expertise as industry professionals robert half marketing creative is a team that puts your needs first and effectively represents you as a creative talent thats the kind of service youll receive from our team at robert half we have marketing advertising and creative backgrounds just like yours so were on your side right from the start could you ask for a better support team requirements years experience in a web design role experience working within a clients brand standards or guidelines advanced skill in the adobe creative cloud innovation starts with people robert half is the worlds first and largest specialized talent solutions firm that connects highly qualified job seekers to opportunities at great companies we offer contract temporary and permanent placement solutions for finance and accounting technology marketing and creative legal and administrative and customer support roles robert half puts you in the best position to succeed by advocating on your behalf and promoting you to employers we provide access to top jobs competitive compensation and benefits and free online training stay on top of every opportunity even on the go questions call your local office at robert half will consider qualified applicants with criminal histories in a manner consistent with the requirements of the san francisco fair chance ordinance all applicants applying for us job openings must be legally authorized to work in the united states benefits are available to temporary professionals visit robert half an equal opportunity employer mfdisabilityveterans by clicking apply now youre agreeing to,DESIGNER,1.0,0.9,0.8,0.22429906542056074,1.0,0.9329115361528116,0.8570357423577555,0.21552630093109876,Hybrid,355.2021904379999
Hybrid_Weighted_BM25_BGE,3,remote website designer about the position the web designer is responsible for providing designrelated support for clientrelated and internal projects additionally the web designer is responsible for providing designrelated support for projects that are currently in development client review and postlaunch when assigned daytoday collaborate closely with design managers on websiterelated projects including finishing projects that have a set art direction to hand over to the development team work crossfunctionally with content and development teams which includes facilitating design discussions and adjusting existing designswebsites based on client feedback in preparation for the launch of their sites partner with development teams to ensure the implementation of your designs and user experiences are of the highest quality use and evolve our design systemlibrary to craft sketches flows prototypes and highfidelity visuals for client websites and product features work closely with design leadership to inform and improve our processes identifying opportunities for elevating our product and user experience provide designrelated support for postlaunch projects requirements our ideal candidate is detailoriented has an excellent eye for detail and enjoys delivering pixelperfect and welldocumented designs knows how to design websites has experience working with and understanding responsive design patterns and systems is prepared to take the baton and run gladly takes on projects with set art direction and finishes off remaining design production work has design system experience has experience working with scalable design systems within an inhouse design team is a team contributor more than willing to work with design managers to develop the strategy and rationale for features and improvements to internal processes can speak up and be understood has strong verbal and written communication skills which is a must for a remote company can adjust and pivot can navigate and move forward quickly within a fastscaling company and an everevolving creator website tool is hungry to improve gladly welcome feedback on their own performance from design managers along with nondesigners with the intent of professional growth in the company most importantly can joke around a sense of humor is a must in our company our company culture revolves around among other things working hard and laughing harder requirements years of experience as an individual contributor on a web or product design team for desktop and mobile an excellent portfolio showcasing a strong foundation in typography interaction and visual design and ideation bonus props for personal projects that display your design aesthetic and passions solid understanding of building usable accessible ada and modular design systems that can scale bonus props for certification in or related to ada experience facilitating the adoption of visual design andor patterns across a design project excellent understanding of figma and other design tools excellent written and verbal communication skills and ability to clearly communicate design decisions strong organizational skills and a selfstarter benefits remote always generous pto allowance for continuing education or training shiny new gear of your choice apple products medical dental longterm and short term disability insurance companysponsored life insurance dont meet of the qualifications above thats okay apply anyway,DESIGNER,1.0,1.0,0.9333333333333333,0.2616822429906542,1.0,1.0,0.9545758806894791,0.2600685119537843,Hybrid,355.2021904379999
Hybrid_Weighted_BM25_BGE,4,web designer job description zander insurance group is one of the largest direct marketers of insurance and identity theft solutions services in america our company was founded more than years ago with the mission to protect families today millions of visitors browse our websites they are a vital way we acquire communicate with and keep our clients the web designer will drive revenue growth through the design and optimization of all clientfacing zander web properties the ideal candidate is comfortable working with highlevel stakeholders and they understand the importance of getting projects done efficiently most importantly the web designer enjoys working and as a result has a positive attitude that contributes to the overall health of the zander culture we are seeking a contributor who thrives while working autonomously asks questions when necessary and problem solves daily this is a fulltime position and includes a competitive salary and comprehensive benefits this position reports directly to the evp of marketing and will be based in our nashville tennessee office with opportunities to work remotely responsibilities include designing compelling direct response websites and digital content that supports the zander brand campaign objectives and drives measurable actions utilizing knowledge of zander products and services to create designs that support an action or campaign goal creating designs that are compatible across multiple devices and screen sizes creating mockups to conceptualize designs and presenting ideas to stakeholders continually improving the existing user experiences and in the process driving revenue growth preproduction image optimization and preparation work with key stakeholders to ensure appropriate review and approvals for all clientfacing sites the ideal candidate years of digital design experience driving online sales or marketing has the ability to communicate effectively with highlevel clients thrives in a fastpaced and teamoriented environment is open to new ideas and able to adapt to changes quickly years of experience with adobe creative suite including photoshop illustrator and indesign sketch has solid experience with ui wireframing has a strong ability to articulate the why when presenting design concepts htmlcss and js experience preferred but not required what we have to offer potential to work from home monthly profits distributions health and dental insurance paid by zander insurance dollarfordollar matching on your k generous paid time off we are an equal opportunity employer applicants are considered for position and are evaluated without regard to mental or physical disability race religion sexual orientation color gender national origin age marital status military or veteran status or any other protected local state or federal status unrelated to the performance of the work involved,DESIGNER,1.0,0.9,0.8333333333333334,0.2336448598130841,1.0,0.9321516989432659,0.8806293045673955,0.22538129277207192,Hybrid,355.2021904379999
Hybrid_Weighted_BM25_BGE,5,chief executive officer ceo consultant company overview exechq is a consulting firm comprised of executives with extensive csuite eg cfo coo cmo ceo etc experience delivering ondemand and costeffective solutions for complex business problems faced by ceos and business owners we offer fractional interim or projectbased services to clients that need a higher level of expertise or experience than they currently have or have the ability to retain on a fulltime basis we believe that every company deserves the right executive we believe that many ceos andor business owners can better focus on their core responsibilities and reach maximum effectiveness when they are able to take off some of their multiple hats delegating these areas of responsibility to trusted business advisors job summary consulting ceo to work with the other principals in our firm to provide the best solutions to our clients across the globe apply your knowledge and expertise gained from your experience as a fulltime or consulting ceo to help business owners andor ceos help their organizations as they need we are looking for ceos with an entrepreneurial spirit who want to work with a firm who treats their consultants as its priority and clients a close second responsibilities and duties apply your skills and knowledge as a chief executive officer to assist your clients as needed with leadership turnarounds taking them to the next level executive coaching building effective teams etc employ our training and coaching to expand your business network build great business relationships followup and help to close leads for new clients that come to your attention able to interact with ceosbusiness owners at a peer level and willing to listen learn ask the relevant questions to determine the core issues in an organization assemble a team of individuals from within the client from our team of csuite level consultants andor from any of our strategic alliance partner firms as needed to bring the best solutions to your client as a principal and consulting ceo within our firm you will interact with other csuiteexperienced individuals who have backgrounds as ceos cfos coos cmos chros cios ctos etc who also have the same mission to bring about the best solutions for our clients qualifications and skills bachelors degree in business accounting or related field required mba or other relevant masters degree preferred five or more years experience as a ceo business owner or equivalent position benefits and perks we offer access to our cigna health insurance plan medical vision and dental various discounts and corporate perks our firm does not have buyin or startup fees and you can retain of revenues billed to clients be part of a fastgrowing entrepreneurial team of csuite executives who are given the autonomy tools training and coaching so you can do whats best for you and your familyand for your clients powered by jazzhr,CONSULTANT,0.5,0.35,0.4,0.10434782608695652,0.38820476264318776,0.3262260668583829,0.3667459880027895,0.04442097715710909,Hybrid,355.2021904379999
Hybrid_Weighted_BM25_BGE,6,chief executive officer healthcare columbus chief executive officer healthcare columbus ohio columbus ohios state capital is known for the scioto mile which is a string of parks on both sides of the scioto river with a huge interactive fountain and trails columbus is home to one of the nations most competitive intercollegiate programs the ohio state buckeyes of ohio state university whether you are looking to relocate or are a current resident job opportunities in columbus are abundant the chief executive officer ceo is accountable for operational oversight of hospital systems and services ideal candidates will have prior leadership experience in a healthcare system and have a passion for improving patient outcomes chief executive officer ceo responsibilities adopts an approach to hospital wide performance improvement to ensure important processes and activities are measured assessed and improved systematically promotes quality outcomes through effective planning and efficient utilization of healthcare resources directs the financial and budgetary performance of the hospital sets the business strategy and promotes the mission vision and values of the organization builds a senior management team successfully meets strategic operational and programmatic goals approved by the governing board creates and promotes a desired culture for the organization supports employee and patient education to enhance knowledge skills and necessary behaviors to facilitate health participates in systemwide policy decisions affecting the hospital collaborates with community leaders and hospitals physicians and facility team members to design services accountable for leadership of all hospital staff delegating and coordinating to achieve quality cost effective outcomes chief executive officer ceo qualifications bachelors degree in healthcare related field minimum masters degree highly preferred years of senior management or executive positions in an acute care or long term acute hospital ability to manage conflict and find creative alternatives to difficult situations current knowledge of state and federal laws and regulations that apply to financial practices in longterm acute care knowledge of regulatory standards and compliance requirements working knowledge and ability to apply professional standards of practice in job situations strong organizational and analytical skills working knowledge of personal computer and software applications used in job functions word processing graphics databases spreadsheets etc,HEALTHCARE,0.7,0.6,0.5666666666666667,0.14782608695652175,0.6156886473955917,0.573402172586682,0.5566392144867784,0.09278281682760019,Hybrid,355.2021904379999
Hybrid_Weighted_BM25_BGE,7,associate software engineering gaming welcome to the world of landbased gaming light wonders gaming team builds cuttingedge technology products and content for the most iconic casinos and operators across the globe position summary job summary the person in this position is responsible for development designing testing coding and integrating softwareembedded products troubleshoots and debugs software defects reviews interprets and executes softwareembedded requirements and specifications essential job functions performs highlevel design and development of assigned embedded related projects creates highlevel andor detailed analysis on the design of various components to be used in the companys gaming and system products tests integrates writes troubleshoots and debugs embedded software applications develops and produces new games while adding to the main game libraries plans codes tests demonstrates and trains fellow engineers on software engineering practices followed by company standards and practices maintains liaison with engineers and other groups such as marketing and sales regarding relevant issues documents all tasks performed solutions to issues and implementation process researches new technologies and incorporates them into new gamingsystems products knowledge skills and abilities strong attention to detail ability to share expertise and train subordinates ability to multitask and work independently good working knowledge and understanding of software modeling in realtime response environments strong problem solving and analytical skills development improvement and analysis of serial communications protocols experience with various operating systems knowledge of software development life cycle job level description accountable for all or significant portion of a function qualifications education bachelors degree in related field years of related experience years of experience to years physical requirements the physical demands described here are representative of those that must be met by an employee to successfully perform the essential functions of this job reasonable accommodations may be made to enable individuals with disabilities to perform the essential functions while performing the duties of this job the employee is regularly required to sit stand walk bend use hands operate a computer and have specific vision abilities to include close and distance vision and ability to adjust focus working with computer and business equipment work conditions light wonder and its affiliates collectively lw are engaged in highly regulated gaming and lottery businesses as a result certain lw employees may among other things be required to obtain a gaming or other licenses undergo background investigations or security checks or meet certain standards dictated by law regulation or contracts in order to ensure lw complies with its regulatory and contractual commitments as a condition to hiring and continuing to employ its employees lw requires all of its employees to meet those requirements that are necessary to fulfill their individual roles as a prerequisite to employment with lw to the extent permitted by law you shall be asked to consent to lw conducting a due diligencebackground investigation on you this job description should not be interpreted as allinclusive it is intended to identify major responsibilities and requirements of the job the employee in this position may be requested to perform other jobrelated tasks and responsibilities than those stated above light wonder is an equal opportunity employer and does not discriminate against applicants due to race color sex age national origin religion sexual orientation gender identity status as a veteran and basis of disability or any other federal state or local protected class if youd like more information about your equal employment opportunity rights as an applicant under the law please click here for eeoc poster,ENGINEERING,0.3,0.35,0.3,0.07627118644067797,0.35314377643380906,0.3704966898328739,0.32991042508728774,0.03058062140470089,Hybrid,355.2021904379999
Hybrid_Weighted_BM25_BGE,8,sales executive job summary under general supervision this position is responsible for adding prospects to their portfolio acquiring new customers and maintaining and growing relationships with preexisting customers this is accomplished through various techniques such as coldcalling prospecting and conducting discovery calls this position focuses on defining the opportunity strategy to sell jb hunt services to the customer and establishing and growing their book of business key responsibilities conduct lead generation activities for new and incremental business including cold calling networking and other opportunity prospecting methods meet with customers and prospective customers to discuss viable opportunities in an effort to understand their business needs identify scope submit a proposal finalize the contract and win the business coordinate with internal teams and the customer to implement the customers solution including participation in kickoff and understanding contractual obligations to facilitate customer needs perform various activities related to opportunity management and monitoring the health of the account which includes but is not limited to customer kpi review revenue quality monitoring watching for additional opportunities contract and pay terms review to ensure adherence to agreement visit prospective and existing customers at their corporate headquarters or other sites as needed requires ability to travel to customer sites to meet customer needs document all sales activities in crm to ensure adherence to policy and process develop sales proposals and present pricing information to customers minimum qualifications high school diplomaged with years of transportationlogistics or relevant sales experience must possess a valid drivers license with a clean motor vehicle record as per jbh standards preferred qualifications bachelors degree in business administrationmanagement supply chain management logistics management communication or related field years working in transportationlogistics sales or other relevant experience knowledge skills abilities ability and willingness to seek out work and the drive to accomplish goals ability to analyze customer activities profiles and information ability to develop sales plans that are futureoriented support business strategy and reflect understanding of emerging as well as existing opportunities and markets ability to establish and maintain healthy working relationships with clients vendors and peers demonstrated ability to manage internal relationships and external partnerships experience translating data into meaningful insights to close business and build credibility knowledge of the activities and responsibilities involved in selling a product or service proficiency with microsoft applications and programs understanding of the importance of meeting or exceeding established targets and ability to drive critical activities to completion education bachelors business administrationmanagement bachelors business communications bachelors logistics management bachelors supply chain management ged required high school required work experience customer serviceaccount manager marketing sales transportationlogistics job opening id sales executive open this job description has been designed to indicate the general nature and level of work performed by employees within this classification it is not designed to contain or be interpreted as a comprehensive inventory of all duties responsibilities and qualifications required of employees assigned to this job to perform this job successfully an individual must be able to perform each essential duty satisfactorily the requirements are representative of the knowledge skill andor ability required reasonable accommodations may be made to enable individuals with disabilities to perform the essential functions,SALES,0.5,0.5,0.6,0.15517241379310345,0.5481540639795446,0.5274941376808334,0.591950591229505,0.08940731001759311,Hybrid,355.2021904379999
Hybrid_Weighted_BM25_BGE,9,sales executive iii client management position type full time type of hire experienced relevant combo of work and education education desired bachelor of commercebusiness travel percentage job descriptionat fis our technology and our people are moving forward we advance the way the world pays banks and invests we believe in building inclusive diverse teams together we innovate to help our colleagues clients and communities succeed if youre ready to grow your career and make an impact in fintech we have one question are you fis about the role as a sales executive client management quota carrier you will collaborate with the csuite level of finance legal and technical groups with a global fintech environment with endless opportunities for success provide industryleading solutions to prospective clients about the team what you will be doing sell products and services manage relationships ensure alignment of client technology and business strategies focus on account retention and continued revenue growth what you will need extensive experience as a sales executive in fintech or financial services at least years of experience interacting and partnering with senior management understanding of investment banking operations technology and change landscape added bonus if you have what we offer you at fis we are as committed to growing our employees careers as our own business we offer opportunities to innovate in fintech inclusive and diverse team atmosphere professional and personal development resources to contribute to your community competitive salary and benefits vaccination requirements notice to all us applicants all employees must be fully vaccinated against covid individuals with a disability including a medical condition or sincerely held religious beliefs or practices that prevent them from getting the vaccine may request an exemption from the vaccine requirement privacy statement fis is committed to protecting the privacy and security of all personal information that we process in order to provide services to our clients for specific information on how fis protects personal information online please see the online privacy notice eeoc statement fis is an equal opportunity employer we evaluate qualified applicants without regard to race color religion sex sexual orientation gender identity marital status genetic information national origin disability veteran status and other protected characteristics the eeo is the law poster is available here supplement document available here for positions located in the us the following conditions apply if you are made a conditional offer of employment you will be required to undergo a drug test ada disclaimer in developing this job description care was taken to include all competencies needed to successfully perform in this position however for americans with disabilities act ada purposes the essential functions of the job may or may not have been described for purposes of ada reasonable accommodation all reasonable accommodation requests will be reviewed and evaluated on a casebycase basis sourcing model recruitment at fis works primarily on a direct sourcing model a relatively small portion of our hiring is through recruitment agencies fis does not accept resumes from recruitment agencies which are not on the preferred supplier list and is not responsible for any related fees for resumes submitted to job postings our employees or any other part of our company pridepass,SALES,0.0,0.1,0.1,0.02586206896551724,0.0,0.07074424175115814,0.07706890795984993,0.0025788387857353374,Hybrid,355.2021904379999
Hybrid_Weighted_BM25_BGE,10,utility cleaner kitchen hr marriott international portfolio of brands includes both jw marriott and marriott hotels marriott hotels marriott internationals flagship brand with more than global locations is advancing the art of hosting so that our guests can travel brilliantly as a host with marriott hotels you will help keep this promise by delivering premium choices sophisticated style and wellcrafted details with your skills and imagination together we will innovate and reinvent the future of travel jw marriott is part of marriott internationals luxury portfolio and consists of more than beautiful properties in gateway cities and distinctive resort locations around the world jw believes our associates come first because if youre happy our guests will be happy its as simple as that our hotels offer a work experience unlike any other where youll be part of a community and enjoy a true camaraderie with a diverse group of coworkers jw creates opportunities for training development recognition and most importantly a place where you can really pursue your passions in a luxury environment treating guests exceptionally starts with the way we take care of our associates thats the jw treatment our utility cleaners play an important role in support of a number of vital hotel functions at our hotels these associates may work across departments eg kitchen food and beverage laundry to support cleaning needs whether preparing fresh clean linen and spotless dining ware for guests to enjoy operating and maintaining cleaning equipment and tools eg dish washing machines hand wash stations linen washers and dryers or transporting dishware or linens across the hotel these associates do whatever it takes to get the job done no matter what position you are in there are a few things that are critical to success creating a safe workplace following company policies and procedures upholding quality standards and ensuring your uniform personal appearance and communications are professional ensure adherence to quality expectations and standards develop and maintain positive working relationships with other employees and departments support team to reach common goals and listen and respond appropriately to the concerns of other employees report accidents injuries and unsafe work conditions to manager move lift carry push pull and place objects weighing less than or equal to pounds without assistance stand sit or walk for an extended period of time reach overhead and below the knees including bending twisting pulling and stooping perform other reasonable job duties as requested by supervisors marriott international is an equal opportunity employer we believe in hiring a diverse workforce and sustaining an inclusive peoplefirst culture we are committed to nondiscrimination on any protected basis such as disability and veteran status or any other basis covered under applicable law marriott international considers for employment qualified applicants with criminal histories consistent with applicable federal state and local law,HR,0.1,0.05,0.06666666666666667,0.01818181818181818,0.06943122193677725,0.044808643601671715,0.05890999583352019,0.002002164502164502,Hybrid,355.2021904379999
Hybrid_Weighted_BM25_BGE,11,construction project manager construction project manager cleveland oh onsite plus bonus up to per year national leader in renovation infrastructure improvements new construction sustainable initiatives and emergency services for facility owners is looking for a construction project manager to join their team on a full timeperm basis this position is onsite in the greater cleveland oh area minimum qualifications bachelors degree in construction management engineering or related field highly desired years experience in the construction industry with a commercial or industrial general contractor line item estimating is a plus extensive experience managing and coordinating multiple projects and subcontractorsvendors very experienced in producing detailed fixed price estimates has the ability to use rs means or other published unit price books to produce detailed line item estimates extensive knowledge of construction means and methods proficient with microsoft office outlook excel word powerpoint etc experience with andor ability to learn project specific software such as procore bluebeam or similar must be able to develop and maintain positive and effective working relationships with clients subcontractors all levels of personnel ability to be flexible and adaptable to frequent changes and work in a fast paced environment possess effective negotiating skills strong verbal and written communication skills to include clear concise and professional presentation of information ability to manage all resources to include operations support staff vendors and subcontractors,CONSTRUCTION,0.9,0.95,0.9,0.24107142857142858,0.914856882358379,0.9450514119280141,0.9112657832396506,0.22368753116554463,Hybrid,355.2021904379999
Hybrid_Weighted_BM25_BGE,12,ecommerce consultant we go beyond the obvious using intelligence passion and creativity to inspire new thinking and shape the world we live in to start a career that is out of the ordinary please apply job details job title ecommerce consultant job location remote can be based anywhere in usa about us kantar kantar is a data and evidencebased agency providing insights and actionable recommendations to clients worldwide we have a complete unique and rounded understanding of people around the world how they think feel and act globally and locally in over markets we dont just help clients understand whats happened we tell them why and how they can shape the future divisionkantar na retail kantar na retail sales shopper specializes in all things commerce shopper category and retailer we help our clients unlock growth and drive commerce more effectively and profitably we succeed by connecting a world class set of retail and shopper capabilities and assets with passionate solutionoriented people who are driven to win about the role we are seeking a consultant in ecommerce in this role you will be responsible to manage deliver projects to support longterm client relationships you will build mastery of the full kantar na retail offer support client management orchestrate project proposals and support overall project management and deliver in conjunction with a team of kantar consultants and analysts this role is focused on partnering with clients to solve omni commerce and ecommerce challenges key accountabilities responsible to manage and deliver projects she will develop project leads support the vision for the story contribute to proposals and support to lead overall project management in conjunction with a team of delivery consultants and analysts have the hunger humility and emotional intelligence to support client relationships and become a trusted advisor of key kantar clients over time you will learn to identify opportunities for new projects qualify new business leads demonstrate kantars capabilities to help solve their issues and guide clients through to a sale supported by senior consultants lead multifaceted projects utilizing the various resources within kantar na retail to deliver customized solutions for our clients in a high quality timely fashion support objectives and vision for projects and ensure resources understand deliverables and timelines understand client issues and how to optimally apply the kantar na retail offer to solve the central business question must be creative and nimble enough to address client issues if necessary learn and ultimately champion the kantar na retail offer and develop our people through formal and informal training and coaching capabilities the preferred candidate will be a dynamic selfdriven consultative and handson business professional with years of experience in the retail industry with relevant experiences in ecommerce knowledge skills experience midlevel sales marketing consulting andor ecommerce experience at premier manufacturers service providers retailers or consultancies experience across a diverse range of verticals including but not limited to ecomm strategyretail consumer packaged goods management consulting traditional retail service agencies media financial services etc mastery of a translatable multidiscipline skillset understanding sales marketing category management ecommerce and insights growing on journey to a consultative operating style with strong presence delivers superb oral and written communications presentations listening and influencing skills education bachelors degree required values behavior the preferred candidate will embody these core values and behaviors business leadership supports a highperformance culture demonstrates strong business acumen is an inspiring role model highly accountable taking responsibility for actions and decisions thought leadership generates enthusiasm and excitement for doing new things in new ways is intellectually curious stay ahead of the game anticipating client needs acts as an emerging trusted advisor building developing growing trust and having impact with clients opportunistically identifies and develops new revenue opportunities from both existing and new clients communication personal effectiveness deals with issues constructively seeking effective resolution and swift decision making listens effectively suspending own point of view and agenda demonstrates flexibility and agility motivation selfmotivated energetic often goes above and beyond the call of duty high emotional intelligence high degree of selfawareness and selfcontrol sensitive to the needs and motivations of others perceptive a good judge of group dynamics and impact of words and actions a natural teammate kantar benefits we provide a comprehensive highly competitive benefits package including medical plans with comprehensive affordable coverage for a range of health services health savings accountfsa dental vision and benefits to cover unique healthcare needs wellness program with matching tuition reimbursement commuter benefits unlimited pto privacy disclosure please note that by applying to this opportunity you consent to the personal data you provide to us to be processed and retained by the kantar group limited kantar your details will be kept on our internal ats applicant tracking system for as long as is necessary for the purposes of recruitment which may include your details being shared with the hiring manager kantar rewards statement at kantar we have an integrated way of rewarding our people based around a simple clear and consistent set of principles our approach helps to ensure we are market competitive and alsoto support a pay for performance culture where your reward and career progression opportunities are linked to what you deliver we go beyond the obvious using intelligence passion and creativity to inspire new thinking and shape the world we live in apply for a career thats out of the ordinary and join us we want to create an equality of opportunity in a fair and supportive working environment where people feel included accepted and are allowed to flourish in a space where their mental health andwell beingis taken into consideration we want to create a more diverse community to expand our talent pool be locally representative drive diversity of thinking and better commercial outcomes kantar is the worlds leading data insights and consulting company we understand more about how people think feel shop share vote and view than anyone else combining our expertise in human understanding with advanced technologies kantars people help the worlds leading organisations succeed and grow,CONSULTANT,0.5,0.6,0.5666666666666667,0.14782608695652175,0.5580759111248785,0.6053817761130191,0.5809416237849476,0.08969317399132894,Hybrid,355.2021904379999
Hybrid_Weighted_BM25_BGE,13,talent acquisition advisor healthcare remote work for one of the worlds best health care systems for four consecutive years newsweek named southcoast health among the worlds best hospitals charlton memorial st lukes and tobey in addition since southcoast health has been voted by readers as south coast media groups best place to work join us and be part of a talent acquisition team that provides collaboration support a great work culture and worklife balance we are searching for a talent advisor ii to carry out systemwide recruitment and related activities for positions throughout southcoast health system assigned client groups could include clinical areas such as but not limited to allied health professionals patient care support nursing and nurse leadership and ancillary hours full time exempt shift day shift mondayfriday flexibility in start and end time location remote must live in ma or ri infrequent in person availability needed for hiring events job responsibilities facilitate the recruiting and hiring process which includes recruiting conducting indepth phone assessments work history review recommendations to hiring managers negotiation of pay rates and extending job offers scheduling physicals completing offer letters and working collaboratively with the shared services team to efficiently process onboarding documents utilize a variety of proactive sourcing tactics including but not limited to sourcing on linkedin social media various job boards mining of applicant tracking system and or crm advertising cold calling canvasing efforts and other networking opportunities in recruitment of both active and passive candidates continuously expand sourcing tactics to include new groups and promotions act as a southcoast brand ambassador to help drive candidate interest in career opportunities demonstrates the ability to sell southcoast by understanding and utilizing candidates varied interests to tailor marketing messages to be as compelling and persuasive as possible serve as an expert on recruitment industry trends stay educated on the recruitment needs and promotions of our competitors and communicate information to the appropriate leadership staff compare and contract southcoast healths efforts with new trends and create a culture of innovation by taking initiative to look for and suggest ways to continuously improve the recruiting process to ensure higher efficiency and quality help hr and marketing teams to generate and deliver content that promotes and supports southcoast healths employment brand coordinate with the talent acquisition manager and participate in a wide variety of recruitment related events such as job fairs open houses and conventions implement an appropriate candidate followup plan for each event track and trend and communicate results education andor experience requirements bachelors degree in business or related field or equivalent combination of related knowledge and experience required over three years up of professional recruitment experience in health care and human resources or other related field is required must have a minimum of year recruiting for clinical health care roles a high level of computer skills including knowledge of various software packages ie word excel access power point etc are required duties require being or becoming highly knowledgeable of southcoast health including serving as a resource within areas of own position responsibilities must be fully vaccinated against seasonal influenza and the covid virus and provide required vaccination documentation unless approved for an exemption or deferral by southcoast prior to starting employment southcoast health is a community healthcare system with multiple access points offering an integrated continuum of health services throughout southeastern massachusetts and rhode island by uniting a single purpose and building an integrated system of services and resources we have become one of the largest and fastestgrowing health systems in massachusetts together we are more with more than employees southcoast health is the largest employer in southeastern mass and the largest employer in the commonwealth according to the boston business journal we strive for a culture of health and wellbeing that recognizes respects and celebrates the rich diversity of one another and the communities we serve we are committed to providing our employees in massachusetts and rhode island with optimal benefits that promote a healthy worklife balance and add value to our employees lives generous earned time off package starting at days per year paid federal holidays floating holidays health dental and vision insurance tuition assistance short term and longterm disability insurance life add insurance flexible spending accounts retirement plan with match healthquest wellness program employee assistance program employee discount program career development opportunities diversity equity and inclusion council are you ready to make a difference join us to be more than medicine southcoast health is an equal opportunity employer,HEALTHCARE,0.5,0.5,0.43333333333333335,0.11304347826086956,0.5730379245414763,0.5502426229246788,0.4915151030342352,0.06659847779985079,Hybrid,355.2021904379999
Hybrid_Weighted_BM25_BGE,14,special education teacher school year job description we are currently seeking a special education teacher to work with a school district in the cleveland oh area if you would like to join a supportive team working with students of all ages apply now details fulltimeonsite elementarymiddle school positions available bachelors or higher in education or related ohio state certification required new graduates welcome to apply benefits competitive compensation package health benefits vision dental k offered taxfree stipends available to those who qualify apply today or please email resume to brandonellisonsoliantcom for immediate consideration all qualified candidates will be contacted for an interview within business days,TEACHER,0.8,0.75,0.7666666666666667,0.22549019607843138,0.7917063341896682,0.7604046362515949,0.7699549558686494,0.17789293610371074,Hybrid,355.2021904379999
Hybrid_Weighted_BM25_BGE,15,teachers at alpha park kindercare description our teachers bring warmth patience and understanding to the classroom every day encouraging children to learn and grow they inspire children to be lifelong learners using our nationally recognized curriculum that promotes social physical verbal and cognitive development our teachers are committed to making their center successful and know that creating meaningful relationships with children families and their team play a crucial role in that success as a member of our teaching staff you will create a safe nurturing environment where children can play and learn partner with parents with a shared desire to provide the best care and education for their children support your centers success by partnering with center staff and leadership to achieve goals around enrollment accreditation and engagement cultivate positive relationships with families teachers state licensing authorities community contacts and corporate partners implement kces curriculum in a way that is consistent with the unique needs of each child the benefits our career professionals enjoy medical dental and vision childcare benefit paid time off education assistance and reimbursement medical expense reimbursement life insurancedisability benefits health and wellness programs k savings and investment plan with employer match qualification desired skills and experience cpr and first aid certification or willingness to obtain active child development associate cda credential or willing to obtain completed core ece units infanttoddler or ba degree in child development must be physically able to use a computer with basic proficiency lift a minimum of pounds and work indoors or outdoors ability to assume postures in low levels to allow physical and visual contact with children see and hear well enough to keep children safe and engage in physical activity with children read write understand and speak english to communicate with children and their parents in english all center staff applicants must meet state specific guidelines for the role our highest priority has always been to keep our employees children families and communities as safe and healthy as possible starting october we began requiring covid vaccinations or weekly covid testing for all unvaccinated employees we are also subject to state law local ordinances and health department requirements for child care workers or school staff kindercare education is an equal opportunity employer all qualified applicants will receive consideration for employment without regard to race national origin age sex religion disability sexual orientation marital status military or veteran status gender identity or expression or any other basis protected by local state or federal law,TEACHER,0.9,0.85,0.8666666666666667,0.2549019607843137,0.9363792118010482,0.8920132777895514,0.8947724689948742,0.23691667324339957,Hybrid,355.2021904379999
Hybrid_Weighted_BM25_BGE,16,remote education advocate social media advocate grassroots education marketing employment type parttime about us our mission is to improve lives by offering a literacy empowerment achievement delivery system combining the powers of government corporate america and educators with that of local employers employees and financial professionals we can dramatically improve the lives of our communities we are seeking professionals with creativity and social media knowledge of posting and generating engagement this position plays a key role in generating leads of employers who would need benefits for their employees for little to no cost responsibilities work from home remote ability to furnish your own computer and internet social media knowledge utilize all social media platforms with gem static or video content to drive lead generation social media content creation creating developing and managing compelling social media content to build and increase client engagement social media campaigns execute social media advocate marketing campaigns when asked by management qualifications ability to work remote efficiently experience in social media posting graphicvideo design is a plus internet show initiatives coupled with accuracy and attention to detail a strong work ethic why work for gem grassroots education marketing offers a unique opportunity to join a fastpaced innovative organization that is passionate about thinking differently to generate leads while taking care of american employees who dont have benefits to assist themselves and their families our work is truly lifechanging for our customers and their families and each member of our team can easily experience how their role supports our mission gem offers a demanding yet rewarding background where employees talents and ideas are encouraged gem offers our employees a comprehensive employee experience that includes competitive pay day benefit package that includes dental vision hearing prescription life accidental death and dismemberment identity theft protection legal document creation and web based resources for financial future planning training with continued encouragement from management to continue employee fulfillment gem provides equal employment opportunities to all employees and applicants for employment without regard to race color religion gender sexual orientation national origin age disability marital status veteran status or any other consideration made unlawful by federal state or local laws,ADVOCATE,0.4,0.45,0.5,0.1271186440677966,0.42209496037082067,0.4479364486936643,0.4827920388424384,0.06500832561890767,Hybrid,355.2021904379999
Hybrid_Weighted_BM25_BGE,17,art teacher jobid position type districtart date posted location teaneck high school date available closing date open until filled art teacher teaneck high school job summary ideal candidates must have experience teaching all grade levels and strong creative abilities including digital art computer generated artwork qualifications valid nj art certificate required qualified candidates must have a commitment to multicultural education and demonstrate an ability to work harmoniously with diverse populations nj first act effective equal opportunityaffirmative action employer application procedure apply online,TEACHER,0.8,0.7,0.6666666666666666,0.19607843137254902,0.7136540102475307,0.6752361475440372,0.6567484350958992,0.14413464563118542,Hybrid,355.2021904379999
Hybrid_Weighted_BM25_BGE,18,hr director americas company background crane co is headquartered in stamford ct its associates design manufacture and sell engineered industrial products worldwide through its four operating segments fluid handling the fluid handling segment provides engineered fluid handling equipment for critical performance applications that require high reliability the segment is comprised of process valves commercial valves and other products payment merchandising technologies the payment merchandising technologies segment consists of crane payment innovations cpi crane currency and merchandising systems cpi provides high technology payment acceptance products crane currency has been a producer of currency products for more than years and is entrusted by more than central banks merchandising systems is primarily engaged in the design and manufacture of vending equipment and related solutions aerospace electronics the aerospace electronics segment supplies critical components and systems including original equipment and aftermarket parts primarily for the commercial aerospace and military aerospace and defense markets engineered materials the engineered materials segment manufactures fiberglassreinforced plastic frp panels and coils used primarily in the manufacturing of recreational vehicles rvs truck bodies truck trailers with additional applications in commercial and industrial buildings company history and culture we are committed to doing business the right way holding ourselves to the highest ethical standard and committed to providing the best quality products to our customers i am resolved to conduct my business in the strictest honesty and fairness to avoid all deception and trickery to deal fairly with both customers and competitors to be liberal and just toward employees and to put my whole mind upon the business richard teller crane cranes founder july crane is built on a foundation of strength and integrity our founders vision for the company continues to fuel growth and progress in our business today philanthropy crane co and its businesses embrace philanthropy around the world our associates are encouraged to volunteer time from their work schedules to actively engage and support charitable causes important to our local teams in addition to thousands of volunteer hours the company annually donates more than through three independent charitable funds to former associates in need to local organizations nominated by our associates and in support of important global causes needs the largest of the charitable funds the crane fund is also crane cos largest shareholder crane business system cbs rt crane stated in his autobiography very early in my business experience i became convinced that in order to succeed in the large business at which i was aiming a thorough system must be devised today cranes associates are united in using the crane business system to build a global network of people and solutions with consistent safety quality delivery and cost that generates profitable organic growth from one side of the globe to the other crane executes more than kaizen events annually to drive continuous improvement throughout its worldwide operations whether evaluating developing rewarding people creating an annual plan implementing a strategy deployment process visually managing results in factories and offices or linking value streams this common system ensures that all of cranes businesses are disciplined and focused as one connected body on achieving its corporate objectives of sustainable profitable growth and strong free cash flow crane believes that the successful deployment of this powerful system in the hands of the best talent and supported by strategic acquisitions is the most important force behind its ability to grow ownership governance crane co is publicly listed on the new york stock exchange nyse cr the companys stock has enjoyed strong performance over the past five years as outlined at crane features a very strong leadership team both at the corporate level and the business segment level the company also benefits from the strong stewardship of a highly capable and diverse board of directors as outlined at our commitment to equality crane co is a proud equal opportunity employer qualified applicants will receive consideration for employment without regard to race color religion sex age disability military status or national origin or any other characteristic protected under applicable federal state or local law check out our most recent philanthropy sustainability and equality report here position summary business unit and position summary crane chempharma energy flow solutions cpe is a division within the fluid handling business segment of crane co a us multinational which specializes in highly engineered products in niche markets the division is a globally focused business which designs manufactures markets and distributes a range of process valves and actuators for a wide variety of applications in the chemical biopharmaceutical oil gas and power industries these products are amongst the most widely used and specified in these industries with brands including aloyco crane gate globe check flowseal center line nozchek duochek stockham jenkins pacifics pressureseal wedgeplug and hf acid products saunders xomox revo resistoflex krombach wta westlock hoke gyrolok tsi and go the director of hr is a key member of the leadership team and provides both tactical and strategic direction to ensure effective coordination and delivery of all human resource functions including recruiting talent development recognition and reward organizational effectiveness performance management compliance and creating and maintaining a positive employee relations environment reporting to the vice president human resources this is an exciting opportunity to collaborate as the hr business partner to the north america and latin america operational leadership teams the ideal candidate will drive break through continuous improvements while embracing our proud tradition of philanthropy and positive impact in the community principle duties includes but is not limited to acts as a strategic business partner to the americas leadership team to develop and implement people strategies that positively impact business goals and strategy proactively identify continuous improvement and workforce productivity opportunities and translate into hr processes mentor guide and coach a team of hr managers to expand capabilities and maximize resources to achieve desired outcomes collaborate with senior leadership to understand the organizations goals and strategies related to staffing recruiting and retention anticipate future trends and respond to the changing needs of a diversified workforce by planning creating implementing and evaluating innovative programs and services to attract recruit train engage and retain the most qualified individuals partner with leadership to drive intellectual capital reviews that are focused on building a lean talented and aggressive team that is highly focused on delivering results create talent depth to support succession planning resulting in ready now succession of staff for critical roles low turnover and development of a high performing organizationfacilitiate and implement organizational effectiveness change management team effectivness performance management employment engagement diversity inclusion by consulting with leaders to identify challenges and deliver solutions work closely with operational leadership to identify future leaders and provide development plans to prepare high potential team members for promotion and additional responsibilities advise operational leadership on all human resource issues with broad and current subject matter expertise in federal and state employment laws participate in identifying needs for new or updated hr policies and practices participates in the development and communication of hr policies and practices conduct employee investigations as necessary investigate resolve and report on any calls made to the confidential hotline track and analyse metrics on talent acquisition employee actions terminations voluntary attrition safety and compliance to recommend actions as needed ensure fair equitable and competitive local compensation administration drive the salary appraisal process for consistency fairness timeliness and effective utilization by coaching leaders travel to meetings and areas for which the position has geographic responsibility regionally and nationally travel approximately essential qualifications experience bachelors degree in human resources management business administration or related field advanced training education andor phr sphr certification highly desired years of progressive human resource experience in a dynamic and diverse mutlisite manufacturing environment ideally will have experience working in an environment that adopts six sigma and lean principles years human resources experience at a manager level high resilience adapts to changing situations and processes highly effective at managing multiple tasks and priorities able to work strategically but equally able to dive into the details when needed must have excellent influencing skills interpersonal skills analytical and problemsolving skills a working knowledge of microsoft office peoplesoft and ability to multitask in a fastpaced environment professional level ability to interface effectively with all levels of management and employees excellent time management and problem resolution skills results and people oriented with sound judgement service oriented but assertive and persuasive eoewomenminoritiesveteransdisabled,HR,0.5,0.35,0.4,0.10909090909090909,0.5983950669742498,0.4605558774593654,0.46921942495033847,0.0625916251112176,Hybrid,355.2021904379999
Hybrid_Weighted_BM25_BGE,19,construction project manager remote here at shake shack we take care of each other first and foremost so that we can make raves for our guests community suppliers and investors after all teamwork makes the dream work we work our buns off but we play hard too with a team appreciation day unlimited meal discounts volunteer opportunities and so much more if youre looking for a deeply fulfilling financially rewarding and really fun career youre in the right place construction project manager manages the construction process for new shacks including schedule monitoring project financials coordinating activities of external vendors managing the turnover process from construction through training interface with real estate design permitting facilities it operations training functions as well as landlords and external ahjs work with the construction warranty manager to complete project close out and to manage warranty response year post project completion key responsibilities oversee the construction and timely turnover of new shacks review manage and approve gc vendor invoices and track against the project budget forecast project spend monitor schedule and implement schedule acceleration strategies as necessary oversee and manage the transition from construction completion to ops through training and opening engage other internal teams as necessary for the successful execution of the project provide feedback on external vendor performance and implement performance improvement strategies as necessary work with the construction warranty manager on project closeout and warranty response experience construction project management on owner or general contractor side years of related work experience years of supervisory experience bachelors degree in construction project management engineering or related degree benefits include medical dental and vision insurance transit discount program plan with company match paid time off program flexible spending accounts employee dining program referral bonus online training program career development corporate fitness discount programs choice of global cash card or direct deposit about us beginning as a hot dog cart in new york citys madison square park shake shack was created by danny meyer founder and ceo of union square hospitality group and bestselling author of setting the table shack fans lined up daily making the cart a resounding success and donating all proceeds back to the park beautification efforts a permanent stand was eventually builtand the rest is shack history with our roots in fine dining and giving back to the community we are committed to high quality food served with a high level of hospitality our team members enjoy a positive work environment that is deeply committed to the philosophy they we stand for something good shake shack is an equal opportunity employer all qualified applicants will receive consideration for employment without regard to race color ancestry national origin religion creed age over disability mental and physical sex gender identity sexual orientation gender expression medical condition genetic information marital military and veteran status our company will consider for employment qualified applicants with criminal histories in a manner consistent with the requirements of applicable laws,CONSTRUCTION,0.7,0.75,0.6666666666666666,0.17857142857142858,0.7917267193679839,0.7919241867684789,0.72409787719042,0.1428553710762505,Hybrid,355.2021904379999
Hybrid_Weighted_BM25_BGE,20,construction project managers remote industrial structures we have an immediate need for local or remote construction managers project managersconstruction to handle assignments out of our concord nh office this manager will become an integral part of the construction team and under the direction of our directors of construction as an experienced construction project manager you will work with our inhouse project design team and other licensed professional engineers governing authorities subcontractors and clients to manage construction projects in the food beverage and life science manufacturing sectors our construction manager will interface with our fortune clients who are industry leaders to provide quality project execution and will require travel to our various client facilities some traits and skills wanted for this position are experience on the contract administration side of construction projects negotiating contracts develop schedules budgets and estimating putting bids together for buyouts and final presentation familiar with one or more sw packages such as procore bluebeam ms project office outlook timberline autocad revit responsibilities responsible for effective safe quality timely cost effective execution of industrial construction project work on site through planning coordination and control of construction resources and activities from inception to project closeout responsible for ensuring that all materials of construction and methods of construction conform to company industry and regulatory standards specifications and requirements responsible for managing the entire contractor bidding process from assembly of bid packages conducting job walks evaluating bids and coordinating contractor mobilization activities will work as an extension of the clients project team including project manager site engineer and plant manager requirements ideal applicant will have yrs maximum total experience in various construction roles project engineer site superintendent construction project manager minimum years experience as a construction manager industrial structures experience needed with overall project responsibility ideally gained from an ae design build firm highly desired is any experience as a construction manager in industrial structures aimed at the food beverage and consumer products pharmaceutical or related industries successfully completed industrial projects with values ranging from to project experience and working knowledge of process systems and ability to read pids proficiency with microsoft outlook word excel and ms project is desired manufacturing site experience is preferred relocation for this position is not required this is intended as a permanent career position we are looking for highly qualified applicants either local to one of our offices or established airport and transportation services travel flexibility for travel to jobsites most of this travel will be regional to construction jobsites or for assignments at client facilities to provide supervision oversight of construction activities education bs degree in engineering construction management or related technical degree field equivalent years of experience in construction management for manufacturing facilities can be substituted for degree licenses and certifications completion of osha or hour training required construction project management accreditation certification or equivalent experience,CONSTRUCTION,0.8,0.85,0.9,0.24107142857142858,0.8389574121760601,0.8632034015393596,0.8948778859785521,0.21153084036330308,Hybrid,355.2021904379999
Hybrid_Weighted_BM25_BGE,21,engineering lead analytics platform passionate about precision medicine and advancing the healthcare industry recent advancements in underlying technology have finally made it possible for ai to impact clinical care in a meaningful way tempus proprietary platform connects an entire ecosystem of realworld evidence to deliver realtime actionable insights to physicians providing critical information about the right treatments for the right patients at the right time are you passionate about building great software products at tempus software products are owned and developed by small autonomous teams composed of developers designers scientists and product managers you and your team set the goals build the software deploy the code and contribute to a growing software platform that will make a lasting impact in the field of cancer research and treatment tempus builds software as nimble as our teams our modern cloudnative data infrastructure build on aws allows our teams to iterate rapidly and lead our industry in innovation our decentralized microservice architecture and emphasis on automation allow us to deliver advanced solutions with confidence and at scale why were looking for you youve got experience managing software development teams and can lead technical analysis design evaluating tradeoffs and establishing best practices you love exploring hard problems and solving them with datadriven iterative software development you understand the challenges and planning required to reap the rewards of distributed bigdata technologies youve worked in fastpaced agile environments and helped keep projects on track troubleshoot roadblocks write documentation and tests and coordinate crossteam collaboration you enjoy exercising handson keyboard muscles and maintain the ability to serve the team as a technical mentor bonus points for experience with some of the technologies we use such as aws redshift apache airflow python and docker orchestration via aws batch experience in biotech genomics clinical research and precision medicine have built a platform to enable data science teams selfservice capabilities supporting an applied machine learning workflow responsibilities for the position works with product manager to build quarterly resourcing plans systems design and product increment planning to delivery a scalable data infrastructure supporting analytics and machine learning leverages the engineering career progression framework to develop people for a small crossfunctional team of people actively manages the performance of team seeking support from supervisor on occasion works with engineering on your team to produce design artifacts that describe software architectures involving multiple technologies provides team structure norms to achieve a well designed system and clean code if applicable works with product manager to plan across multiple scrum teams and presenting solutions to optimize for effort across the endtoend tempus ecosystem actively drives team improvement through retrospective action items,ENGINEERING,0.5,0.35,0.36666666666666664,0.09322033898305085,0.41638241380547364,0.34469696938734345,0.3593444458441074,0.04297076357688001,Hybrid,355.2021904379999
Hybrid_Weighted_BM25_BGE,22,holman frenia allison pc hiring for audit staff accountant job at brdisplaynonecss ul limarginleftcss lipadding holman frenia allison pc certified public accountants and consultants hfa is headquartered in central new jersey the firm services a diverse client base within the tristate area providing highly personalized and comprehensive accounting audit tax and business consulting services we are looking for a staff accountant i to work in our lakewood nj office this position will work for our audit department in this role you will reconcile client records to trial balance which may include analytical procedures and performs schedule computations of prepaid accruals property equipment and calculates depreciation expense complete testing on internal controls single audit and other various funds confirm cash legal insurance revenue etc accounts use the firms software programs to automate the process from trial balance and financial statements perform other accounting auditing tax and consulting duties as needed in engagements applicants must possess the following bachelors degree in accounting finance business or related field cpa within years of date of hire prior internship with public accounting firm preferred knowledge of general accounting principles proficient in use of computers proficient in microsoft excel and word ability to communicate clearly and concisely reliable transportation to and from client locations we offer an excellent benefits package including medical dental and vision plans health savings account with employer contribution safe harbor k plan commission policy firm provided life insurance continuing professional education tuition reimbursement professional dues reimbursement mentoring program vacation time paid holidays summer fridays hfa provides equal employment opportunities eeo to all employees and applicants for employment without regard to race color religion sex national origin age disability or genetics job type fulltime benefits k k matching dental insurance disability insurance flexible spending account health insurance life insurance paid time off tuition reimbursement vision insurance schedule monday to friday education bachelors preferred work location one location work remotely no work location one location,ACCOUNTANT,1.0,0.9,0.9333333333333333,0.23728813559322035,1.0,0.9304270178356031,0.9465362512942732,0.2273443286732266,Hybrid,355.2021904379999
Hybrid_Weighted_BM25_BGE,23,senior accountant banking lakewood requirements for senior accountant minimum of five years related experience in banking bachelors degree in accounting finance business or related field specialized bank financeaccounting educationtraining thorough knowledge of general ledger reconciliations and accounts payable thorough knowledge of gaap and financial reporting requirements proficient in english reading writing grammar and mathematics interpersonal relations and communication skills organizational and processproject management skills pc skills including microsoft office accounting skills we offer the following excellent benefits to our fulltime employees medical insurance dental insurance vision insurance life insurance employer paid ltd insurance employer paid paid federal bank holidays flexible spending account health savings account employer contributed k matching pto paid time off lifemart employee discount program your responsibilities will include perform various duties to support the banks accounting financial reporting and control functions coordinate work within all departments and respond to inquiries for information comply with operating policies and procedures established for the accounting function maintain appropriate records and provide assigned reports perform various duties to support the banks accounting financial reporting and control functions prepare monthly financial statements reports and records by collecting analyzing and summarizing account information prepare journal entries and reconciliations for monthly general ledger close maintain the banks accounting systems for accounts payable fixed assets prepaid expenses and accrued expenses including related processing and reporting maintain the banks internal demand deposit accounts and reconcile account statements review bank statements and reconcile general ledger balances with corresponding banks such as the frbny fhlbny and acbb research and reconcile all discrepancies including auditing and verifying all financial documents prepare vendor checks utilizing accounts payable system process incoming and outgoing wire transfers and prepare sales and use taxes assist with testing of the system reports required for management financial reporting and general ledger reconciliations assist with completion of quarterly and annual regulatory reporting including the call report summary of deposits gudpa and fr assist with preparing for various audits and regulatory examinations by gathering requested materials and assist in preparing assigned schedules assist with various accounting related projects and special projects as assigned crosstrain in order to perform backup duties for other financeaccounting personnel as required abide by current laws and organizational policies and procedures to promote an environment free of harassment and discrimination cooperate with participate in and support the adherence to all internal policies procedures and practices in support of risk management and overall safety and soundness and the banks compliance with all regulatory requirements ie community reinvestment act cra bank secrecy act bsa equal credit opportunity act etc maintain appropriate records and provides assigned reports first commerce bank is dedicated to providing people businesses and communities in our markets with high quality products and services with superior customer service we provide products and services through secure userfriendly technology and customer friendly locations our relationships are founded in our responsiveness to the financial needs of our customers in an atmosphere of personal attention professionalism trust integrity and fairness first commerce prides itself on maintaining personal communications beginning with the board of directors first commerce bank is an equal opportunity employer all qualified applicants receive consideration for employment without regard to race color religion sex age disability protected veteran status national origin sexual orientation gender identity or expression genetic information or any other characteristic protected by applicable law,BANKING,0.0,0.0,0.0,0.0,0.0,0.0,0.0,0.0,Hybrid,355.2021904379999
Hybrid_Weighted_BM25_BGE,24,audit staff accountant our client a cpa firm located in central new jersey is currently seeking an entrylevel audit staff accountant to join their team in lakewood nj the firm services a diverse client base within the tristate area providing highly personalized and comprehensive accounting audit tax and business consulting services responsibilities reconcile client records to trial balance which may include analytical procedures and performs schedule computations of prepaid accruals property equipment and calculates depreciation expense complete testing on internal controls single audit and other various funds confirm cash legal insurance revenue etc accounts use the firms software programs to automate the process from trial balance and financial statements perform other accounting auditing tax and consulting duties as needed in engagements working hours am pm skills proficient in use of computers proficient in microsoft excel and word ability to communicate clearly and concisely education bachelors experience years qualifications bachelors degree in accounting finance business or related field cpa within years of date of hire prior internship with public accounting firm preferred knowledge of general accounting principles reliable transportation to and from client locations benefits medical dental and vision plans health savings account with employer contribution safe harbor k plan commission policy firm provided life insurance continuing professional education tuition reimbursement professional dues reimbursement mentoring program vacation time paid holidays summer fridays job type fulltime hours spherion has helped thousands of people just like you find work happiness our experienced staff will listen carefully to your employment needs and then work diligently to match your skills and qualifications to the right job and company no one works harder for you than spherion eeo employer race religion color national origin citizenship sex sexual orientation gender identity age disability ancestry veteran status genetic information service in the uniformed services or any other classification protected by law key responsibilities reconcile client records to trial balance which may include analytical procedures and performs schedule computations of prepaid accruals property equipment and calculates depreciation expense complete testing on internal controls single audit and other various funds confirm cash legal insurance revenue etc accounts use the firms software programs to automate the process from trial balance and financial statements perform other accounting auditing tax and consulting duties as needed in engagements experience years skills proficient in use of computers proficient in microsoft excel and word ability to communicate clearly and concisely qualifications bachelors degree in accounting finance business or related field cpa within years of date of hire prior internship with public accounting firm preferred knowledge of general accounting principles reliable transportation to and from client locations education bachelors,ACCOUNTANT,1.0,1.0,0.9333333333333333,0.23728813559322035,1.0,1.0,0.955499392825257,0.23699590882524837,Hybrid,355.2021904379999
Hybrid_Weighted_BM25_BGE,25,accountant vita healthcare group is a leading name in the skilled nursing world providing world class nursing care to the community for over a decade we are seeking a dedicated accountant to assist in the operating of our facilities if you are looking for an incredible office environment paid training and incredible room for growth this may be the position for you the accountant is a key team member responsible for providing accounting and guidance to community management as it relates to the overall activities and programs of the community accountant responsibilities provide accounting support and training to communities assist and support community executive directors and office managers prepare journal entries maintain accounts and facilitate monthly financial calls accounts payable and receivable account reconciliation and filing process and maintain community payrolls in compliance with company policies and state regulations accountant qualifications prior accounting or bookkeeping experience associate or bachelors degree preferred or at least years accounting experience ability to communicate effectively and concisely by both written and oral means with communities associates and vendors proficiency in accounting software and tools such as yardi quickbooks and microsoft excel organized able to prioritize and work as part of a team in an informal environment accountant benefits competitive wages health insurance for those eligible voluntary benefits disability accident life generous paid time off,ACCOUNTANT,1.0,0.95,0.9666666666666667,0.2457627118644068,1.0,0.9676617088516802,0.9751494586297731,0.24239620784934987,Hybrid,355.2021904379999
Hybrid_Weighted_BM25_BGE,26,sales leader i business banking sales manager job profile position overview at pnc our people are our greatest differentiator and competitive advantage in the markets we serve we are all united in delivering the best experience for our customers we work together each day to foster an inclusive workplace culture where all of our employees feel respected valued and have an opportunity to contribute to the companys success as an business banking sales manager within pncs small business banking organization you will be based in piscatawaynew jersey a business banking sales leader is responsible for coaching their team members on the skills needed to analyze evaluate and mitigate risk the business banking sales leader leads the team on credit requests by utilizing advanced knowledge of credit fundamentals and internal credit policies the leader motivates and develops team members while monitoring progress against individual goals in conjunction with our key service partners they will provide their team with support and coaching as they focus on the customers overall financial wellbeing leading to a bestinclass banking experience job description manages and directs a team to achieve business results and customer experience goals may have direct sales and client responsibilities oversees the execution of strategy leads and coordinates the daily activities of team members engaged in customer andor prospect management activities achieves business results attracts new customers andor grows existing customer relationships by coaching and managing to defined strategies and tactics develops and oversees the execution of account and sales plans may have direct sales and client responsibilities manages riskreturn and drives quality for new andor existing clients actively identifies and mitigates different types of risk such as regulatory reputational operational and credit risks manages effective network of senior internal and external relationships such as community or industry relationships to actively acquire new clients andor expand existing clients and enhance the client experience focuses on bringing the full range of pncs products and services to the client leverages reporting and sales tools to proactively identify and successfully convert sales opportunities develops team members while monitoring progress against individual goals motivates and develops staff including acquiring top talent and managing performancebased issues effectively plans organizes directs analyzes and evaluates staff and processes connects strategy to daytoday activities and updates the team on a regular basis as defined with the business coaches team members on skills needed to analyze evaluate and mitigate credit risk and to lead others on credit requests by utilizing advanced knowledge of credit fundamentals and internal credit policies pnc employees take pride in our reputation and to continue building upon that we expect our employees to be customer focused knowledgeable of the values and practices that align customer needs and satisfaction as primary considerations in all business decisions and able to leverage that information in creating customized customer solutions managing risk assessing and effectively managing all of the risks associated with their business objectives and activities to ensure they adhere to and support pncs enterprise risk management framework pnc also has fundamental expectations of our people managers as a manager of talent in pnc you will be expected to include intentionally cultivates diverse teams and inclusive workplaces to expand thinking live the values role models our values with transparency and courage enable change takes action to drive change and innovation that will transform our business achieve results takes personal ownership to deliver results empowers and trusts others in decision making develop the best raises the bar with every talent decision and guides the achievement of all employees and customers competencies conflict management understanding of how to anticipate recognize and deal effectively with existing or potential conflicts at the individual group or situation level ability to apply this understanding appropriately to diverse situations decision making and critical thinking understanding of the issues related to the decisionmaking process ability to analyze situations fully and accurately and reach productive decisions effective communications understanding of effective communication concepts tools and techniques ability to effectively transmit receive and accurately interpret ideas information and needs through the application of appropriate communication behaviors managing multiple priorities ability to manage multiple concurrent objectives projects groups or activities making effective judgments as to prioritizing and time allocation sales management develops sales strategies that incorporate client segments market opportunities competitive forces and sales force effectiveness identifies priorities and ensures sales teams execute against plans that focus on deepening client relationships elevating market share and increasing share of wallet drives sales teams to build a strong pipeline of prospects and clients selling applies knowledge of banking products and services to meet customer needs and enable them to achieve their financial goals identifies prospecting approaches to identify potential customers and create opportunities to sell financial solutions and ideas to customers work experience roles at this level typically require a university college degree higher level education such as a masters degree phd or certifications is desirable industry experience is typically years at least years of prior management experience is typically required in lieu of a degree a comparable combination of education and experience including military service may be considered education bachelors additional job description benefits pnc offers employees a comprehensive range of benefits to help meet your needs now and in the future depending on your eligibility options for fulltime employees include medicalprescription drug coverage with a health savings account feature dental and vision options employee and spousechild life insurance short and longterm disability protection maternity and parental leave paid holidays vacation days and occasional absence time k pension and stock purchase plans dependent care reimbursement account backup childelder care adoption assistance educational assistance and a robust wellness program with financial incentives to learn more about these and other programs including benefits for parttime employees visit pncbenefitscom new to pnc disability accommodations statement the pnc workplace is inclusive and supportive of individual needs if you have a physical or other impairment that might require an accommodation including technical assistance with the pnc careers website or submission process please call and select option recruiting or contact us via email at pathfinderpnccom the human resources service center hours of operation are monday friday am to pm et equal employment opportunity eeo pnc provides equal employment opportunity to qualified persons regardless of race color sex religion national origin age sexual orientation gender identity disability veteran status or other categories protected by law california residents refer to the california consumer privacy act privacy notice to gain understanding of how pnc may use or disclose your personal information in our hiring practices,BANKING,0.8,0.65,0.5,0.13043478260869565,0.8318477135310891,0.7103475982765493,0.5901472513643679,0.09840700650706637,Hybrid,355.2021904379999
Hybrid_Weighted_BM25_BGE,27,senior director finance createme is a research and development company at the intersection of automation apparel and customization driving ondemand manufacturing at speed and scale were breaking down barriers through trailblazing frictionless technology that provides an endtoend solution that is set to revolutionize individualism were based in new york city with a global footprint that extends to london hong kong tokyo seoul sydney and beyond it includes customization services worldwide a knitwear factory in brooklyn a manufacturing rd lab in san francisco a specialized rd team in portland and a licensing and product development team in la about the role createme is growing rapidly both in the us and internationally and needs a powerhouse senior director of finance to ensure consistency and excellence across our various locations as the director of finance you will be responsible for the daytoday accounting and finance activities for createme and strategic projects instrumental in scaling the company the ideal candidate is a selfstarter analytical detailoriented high integrity and has demonstrated proven finance and accounting leadership responsibilities create region and platform specific milestones and goals and associated budget and investment plans to manage organize and control company costs oversee staff in the performance of all accounting and finance functions provide oversight to the accounting team ensuring accounts payable vendor client and other records are adequately maintained oversee and confirm all transactions in the accounting system manage and negotiate terms of all vendor relationships lead the monthend and yearend close processes including presenting results to the executive team lead the state local and federal tax processes support system implementations including the implementation of a new erp system source establish and manage strategic relationships with key partners and vendors provide oversight mentorship and delegation to the accounting and finance teams ensuring consistency with createmes global standards of excellence assess and implement improved processes and new technologies and collaborate with leadership regarding the implementation of these improvements required skillsabilities years of finance and accounting experience including leading and managing global finance and accounting functions cpacfa required bachelors degree in accounting strong knowledge of us gaap and ifrs strong knowledge of microsoft office excel and word team player with the ability to work independently or as a part of a team strong communication and interpersonal skills analytical with strong problemsolving skills and strong attention to detail startup experience preferred added bonuses manufacturing andor apparel experience working at createme be rewarded for your innovation through our inventor award and recognition program grow your savings with our pension plan with company contributions stay healthy and happy through our comprehensive medical dental and vision insurance take time away from the office through our flexible paid time off be a part of a community and take part in our lunchn learns and team outings learn and grow through formal and informal learning opportunities at createme technologies we value diversity and treat all employees and job applicants based on merit qualifications competence and talent we do not discriminate on the basis of race religion color gender sexual orientation age marital status veteran status or disability status li benefits for you our employees health and happiness are our top priorities from day one we offer medical plan coverage including onemedical ondemand care telehealth care and claim concierge solutions disability life and add coverage pretax health and dependent care fsa and commuter benefits pet insurance financial wellbeing solutions and identity theft protection k retirement plan with an employer match up to flexible pto inclusive of vacation sick and personal time companywide vacation weeks in early july and late december fullypaid company parental leave up to weeks for birth adoption and fostering concurrent with statutory pregnancy and bonding leaves continuing education through lunch n learns training and external opportunities desk expense allowance for at home and in office workstations,FINANCE,0.7,0.75,0.6666666666666666,0.1694915254237288,0.750637296052051,0.7610637477271122,0.7008994449124414,0.12585597132833146,Hybrid,355.2021904379999
Hybrid_Weighted_BM25_BGE,28,director of finance company description project finds mission is to provide low and moderateincome and homeless seniors with the services and support they need to enrich their lives and live independently today project find operates three supportive housing residences that are home to about people and four senior centers with over members our members and residents range from the healthy and active to the frail and homebound to the homeless for all these individuals project find is a critical resource providing housing meals and programs that help individuals navigate the challenges of aging by encouraging community engagement and healthy living please visit our website at projectfindorg job overview as the director of finance you will be responsible for building and enhancing the financial infrastructure of project find the director of finance is also responsible for all aspects of the financial operations for project find reporting directly to the executive director the director of finance provides accounting budgetary operational and programmatic support to all agency programs and activities the director of finance directly oversees and supervises the financialaccounting team they will serve as the primary agency contact for all funding contractual matters proposals for new or extended programs and new business development the director of finance is seen as a thought leader and partner who knows how to manage the inevitable rigidity between business objectives and resource utilization key responsibilities provide insightful wellinformed and trusted organizational counsel to the executive director executive team and the board on both financial and broadbased business matters develop internal tools and systems to provide critical financial information to help accelerate growth and profitability and make actionable recommendations on financial goals and strategy track and ensure accurate and timely reporting of project finds financials to board government contracts sources and donors oversees submission of vouchers for payment from a variety of contract sources oversees annual budgeting process for agency and housing corporations assess organizational performance against both budget and companys longterm strategy manage the corporate financial planning budgeting and forecasting function of the agency proactively engage leadership team to develop short medium and longterm financial plans and projections lead and develop the finance team develops and refines policies and procedures manual for finance department works with board and financial advisors to steward investment fund other duties as needed based on organizational needs qualifications bachelors degree from an accredited college or university required masters degree preferred cpa is a plus years of senior management experience with organizations with operations in excess of million per year and over employees in a nonprofit agency recent and relevant experience as a finance director at a nonprofit agency with state and federal funding portfolio with strong familiarity with software revenue recognition metrics and best practices proven track record as a resultsdriven supervisor prior experience serving as a key member of a senior executive team with the ability to provide and receive input from ceo board and management peers regarding the financial implications of all major business decisions and strategic objectives excellent business acumen and financial operational orientation with strong fpa skillset experience in a regulated industry preferred nonprofit experience is highly preferred and a strong plus outstanding analytical and problemsolving skills able to communicate effectively at all levels of the organization including directly with the board maintained working knowledge and understanding of regulations laws and industry best practices to ensure compliance with all applicable federal state and local financial laws ability to interpret appropriate laws and policies and ability to advise management and employees accordingly excellent verbal written communications and detailedoriented skills highly organized detailoriented and able to handle multiple projects simultaneously in a fastpaced environment must be able to travel between sites as needed associated topics associate director chief investment officer director finance financial director general operations manager manage operation president finance recruit vice president,FINANCE,0.8,0.75,0.7,0.17796610169491525,0.8454256604216017,0.7950733353829526,0.7523616129430903,0.1475257001813026,Hybrid,355.2021904379999
Hybrid_Weighted_BM25_BGE,29,vp of finance east meadow vp of finance about flywheel flywheel software is a highgrowth technology startup transforming data activation on snowflake bigquery and redshift that is changing the way businesses acquire retain and winback their customers clients include google indeed and the boston red sox we apply bestinclass architecture and technology to build a system that is both functional and beautiful about the role flywheel is looking for a vice president of finance to work directly with flywheels founders to integrate an accounting and finance perspective into our growth strategy this is a great role for someone looking to be the founding member of the finance team driving forecasts and operations and have the opportunity to institute accounting policies procedures and best practices as well as eventually grow and develop a team responsibilities will include routine maintenance of the accounting books and records but with a strong focus on creating forecasts developing financial plans to achieve strategic objectives and working hand in hand with the rest of the leadership team and the board of directors to manage explosive growth in a fiscally responsible manner in this role key areas of focus will be to define and build regular financial and operational kpis which will drive financial discipline business growth and profitability initiatives across the business while managing control systems designed to preserve company assets and report accurate and meaningful financial results responsibilities financial analysis accounting budgeting and forecasting perform regular detailed analytical reviews and make recommendations for improved financial performance prepare timely and accurate financial statements and the monthend close process enhance and implement financial and accounting systems processes tools and control systems develop a thoughtful and thorough approach to budgeting and forecasting which includes inputs from all necessary functional leaders and establish a routine cadence of comparing actual results to these budgets and forecasts and preparing detailed explanations for variances lead financial reporting efforts for monthly reviews board of director presentations operational reporting and numerous ad hoc reporting requests financial management provide consultation to internal business and finance leaders to support decisionmaking and drive operational improvements serve as the main point of contact for outside auditors during future annual audits utilize forwardlooking models and activitybased analyses to provide financial insight into the organizations plans and operating budgets represent the company to banks financial partners institutions investors and outside auditors remain current on accounting best practices and specific accounting guidance unique to flywheels industry leverage the necessary third parties to ensure flywheel remains in good standing and up to date on various reporting and compliance requirements qualifications years of experience in public accounting years of experience in accounting and finance in a startup or highly entrepreneurial environment highly flexible style willing to solve problems on the fly adapt to change and think like a founder experience with financial statement preparation budgeting forecasting and internal control implementation ability to partner with the executive team to drive the future direction of the company and ensure sound strategic financial decisionmaking accounting and financial management procedures financial controls and compliance financial statement preparation budgeting forecasting and internal control implementation a humble leadership style ownership mentality and philosophy and set of practices that build a better organization for success today and in the future strategic thinking to define and achieve organizational goals flexible adaptable and seeks out and is open to new ideas and approaches bestinclass analytical skills are required strong business and financial acumen required including demonstrated ability to solve complex business problems strong ability to communicate effectively and efficiently with multiple stakeholders including strong presentation skills solid organizational and management skills and a style that exhibits collaboration and teamwork compensation and benefits competitive compensation competitive salary will be offered based on candidate experience and qualifications annual bonus based on performance equity incentives based on performance and experience platinum benefits platinum health insurance with aetna paid by the company k program with generous company match additional insurance and educational stipends flexible work and growth flexible pto and wfh policies opportunity to build a team longterm quarterly hackathons to focus on team passion projects work directly with founders in a learners mindset culture associated topics chief financial officer chief investment officer controller director operational manager organizational culture president finance recruit supply vice president,FINANCE,0.8,0.9,0.8333333333333334,0.211864406779661,0.8512360941594272,0.903992632541125,0.8567964310368203,0.18796707990791073,Hybrid,355.2021904379999
Hybrid_Weighted_BM25_BGE,30,sr hr business partner hybrid remote role job overview provide support to members of an hr team in their daytoday operational roles support the continuous improvement of the hr function through development and implementation of hr programs in an assigned geography or business line with limited guidance provide comprehensive hr support to employees and management across assigned service areas business units or departments as hr business partner with guidance provide expertise support and advice to assigned management teams either locally regionally globally or by function essential functions develop strong and effective team relationships with hr specialist functionscenters of excellence eg hrpsc finance psc support line managers in the process of new employee orientation where appropriate provide advice and guidance to more junior members of the hr team as appropriate conduct ad hoc reviews as directed and propose recommendations in handling employment legislation compliance hr systems practices and procedures and with guidance provide support and education to line management participate as assigned with minimal supervision in working with senior hr team members for the daytoday development and implementation of redesign and new local and global hr initiatives with guidance provide hr partnering management coaching and counseling with guidance act as business partner to assigned business areas work with more experienced hr team members on organizational effectiveness and hr partnering change management efforts associated with reorganizations mergersacquisitions and transfers to ensure compliance to local legislation provide reports and analyses as requested by senior management support line managers in the recruitment and selection process where appropriate manage hrrelated queries and may work independently or in conjunction with senior members of the hr team and line management on issues qualifications bachelors degree required years experience within an hr function as generalist or combination of generalist and specialist experience required or equivalent combination of education training and experience required extensive knowledge of local and relevant employment legislation expert coaching and counseling skills effective leadership skills excellent problem solving judgment and decision making skills excellent presentation skills good influencing skills expertlevel excel skills including experience with data analysis tools strong verbal and written communication skills and very good interpersonal skills very high degree of discretion and confidentiality strong attention to detail good ability to work in a matrix environment ability to lead a project ability to establish and maintain effective working relationships with coworkers managers and clients professional hr accreditation preferred iqvia is a leading global provider of advanced analytics technology solutions and clinical research services to the life sciences industry we believe in pushing the boundaries of human science and data science to make the biggest impact possible to help our customers create a healthier world learn more at we are committed to providing equal employment opportunities for all including veterans and candidates with disabilities as the covid virus continues to evolve iqvias ability to operate and provide certain services to customers and partners necessitates iqvia and its employees meet specific requirements regarding vaccination status,HR,0.9,0.85,0.8,0.21818181818181817,0.914856882358379,0.8743071701768559,0.8344306543997939,0.19260691119826187,Hybrid,355.2021904379999
Hybrid_Weighted_BM25_BGE,31,vp healthcare services job description job summary molina healthcare services hcs works with members providers and multidisciplinary team members to assess facilitate plan and coordinate an integrated delivery of care across the continuum including behavioral health and longterm care for members with high need potential hcs staff work to ensure that patients progress toward desired outcomes with quality care that is medically appropriate and costeffective based on the severity of illness and the site of service knowledgeskillsabilities the vp healthcare services is responsible for oversight and management of the state health plans healthcare services clinical operations teams including utilization management priorauthorization inpatient review and care management casehealth management and transition of care this position works collaboratively with the chief medical officer to develop and implement processes to effectively manage clinical policies to meet healthcare cost and quality targets works with the healthcare services management team to achieve successful implementation of molina clinical strategy and direction develops and implements effective and efficient standards protocols processes decision support systems reporting and benchmarks that support ongoing improvements of clinical operations functions and promote quality cost effective health care for molina members mentors guides and develops skills of management team members in a consistent and effective manner develops initiatives to achieve budgeted reductions in medical expenses and increases in quality scores develops healthcare services department budget and ensures budget targets are met manages implementation of analytical studies that quantify the benefits of healthcare services programs to ensure that resources are appropriately allocated operational controls exist and efficiencies are maximized facilitates integration of care coordination long term care behavioral health and chemical dependency programs continually refines operational processes and champions review of team processes workflows and activities articulates project requirements and anticipated outcomes to the molina project management office for identified projectsstrategies to improve the efficiency of clinical operations teams to meet cost and quality goals accountable for ensuring compliance with contractual accreditation and regulatory requirements for all healthcare services teams participates personally or assigns appropriate staff to molina quality committees and external community committees to represent the healthcare services department ensures effective interdepartmental collaboration and interaction between healthcare services staff and other departments ensures monthly auditing of hcs staff is performed and appropriate actions andor coaching occur responsible for oversight of clinical training activities and outcomes responsible for hcsrelated delegation oversight monitoring job qualifications required education masters degree or equivalent combination of education and work experience required experience years managed care experience with line management responsibility including clinical operations experience working within applicable state federal and thirdparty regulations operational and process improvement experience strong communication and teaminginterpersonal skills strong leadership capabilities and ability to initiate and maintain crossteam relationships demonstrated experience meeting quality accreditation standards ncqahedisstars required license certification association if licensed license must be active unrestricted and in good standing preferred education masters degree in business or healthcare management ie mba mha mph preferred experience familiarity and experience in the local market desirable preferred license certification association active unrestricted state registered nursing rn license in good standing utilization management certification cphm certified professional in health care quality cphq or other healthcare or management certification to all current molina employees if you are interested in applying for this position please apply through the intranet job listing molina healthcare offers a competitive benefits and compensation package molina healthcare is an equal opportunity employer eoe mfdv pjhpo libemore,HEALTHCARE,0.8,0.85,0.7333333333333333,0.19130434782608696,0.8454256604216017,0.8654925956274738,0.7831951553656346,0.16569355845107162,Hybrid,355.2021904379999
Hybrid_Weighted_BM25_BGE,32,software engineering job summary randstad federal we have over a decade of experience providing talent with clearance and workforce solutions that drive bottomline value for federal agencies and the organizations that serve them learn more about what we do meet our experienced team and get an inside look at the strategic partnerships that set us apart lets talk about the role location cliffton nj remote capabilities no clearance required secret job summary responsible for research design and development of computer software systems in conjunction with hardware product development primarily responsible for the design and development of software products for a variety software applications participates in all phases of the software development life cycle including requirements analysis design implementation integration and test of software products location clifton new jersey job type contract salary per hour work hours to education bachelors responsibilities responsible for research design and development of computer software systems in conjunction with hardware product development primarily responsible for the design and development of software products for a variety software applications participates in all phases of the software development life cycle including requirements analysis design implementation integration and test of software products applies computer science engineering and mathematical analysis concepts and principles in the development of software for the target application works closely with cross functional members of the engineering organization to develop and evaluate interfaces between hardware and software and operational performance requirements and design of the overall system develops software test procedures software programs and related documentation contributes to determining estimating and validating the cost and scope of software efforts to ensure software performed meets program cost schedule and technical constraints qualifications experience level experienced minimum years of experience education bachelors skills cad jira ada c uml jenkins bit bucket equal opportunity employer race color religion sex sexual orientation gender identity national origin age genetic information disability protected veteran status or any other legally protected group status at randstad we welcome people of all abilities and want to ensure that our hiring and interview process meets the needs of all applicants if you require a reasonable accommodation to make your application or interview experience a great one please contact for certain assignments covid vaccination andor testing may be required by randstads client or applicable federal mandate subject to approved medical or religious accommodations carefully review the job posting for details on vaccinetesting requirements or ask your randstad representative for more information provided by dice,ENGINEERING,0.2,0.35,0.3333333333333333,0.0847457627118644,0.1427951440361373,0.2725779804759152,0.2815746494500887,0.02782053658503257,Hybrid,355.2021904379999
Hybrid_Weighted_BM25_BGE,33,banking center supervisor how would you like to join a successful and growing multibillion dollar bank with branches in new jersey and eastern pennsylvania provident bank is looking for a talented banking center supervisor to work in our clifton new jersey branch to promote our commitment to providing exceptional customer service qualified candidate must possess excellent sales customer service and people skills prior retail experience preferred with your commitment in the banking center supervisor role provident bank can help you advance in your career and climb the ladder of success position summary the banking center supervisor provides exceptional customer sales and service while attending to customers needs the bcs creates and fosters a cohesive team and promotes a positive work environment while overseeing the bank associates who perform both routine financial transactions andor customer service functions the bcs may cover multiple branches within the region they will assist tellers with more complex tasks and schedules the work flow and demonstrate sound judgment and accountability with operational standards they will provide leadership conflict resolution process improvement and communication to the bank associates responsible for performing audit functions participates in daily branch opening and closing procedures and required to perform operational tasks coaching and performance management in the absence of the banking center manager the bcs will be responsible for the overall branch management including but not limited to operations sales management and productivity major job responsibilities the banking center supervisors duties and responsibilities listed below are categorized into general areas sales service and operations sales meet customer sales referrals and crossselling goals knows the features and benefits of all products and services to satisfy the needs of the customers responsible for managing and growing a bookofbusiness actively refers clients for commercial business to market manager service promotes bank products refer or resolve customer inquiries concerning accounts or other banking services helps maintain cost efficiency to achieve goals of the branch assures quality of customer service and adherence to sales and brand standards supplements general platform sales and service responsibilities as required resolves customer inquiriescomplaints and situations in a positive professional and efficient manner operations establishes customer identity according to established guidelines and adheres to all other compliance procedures daily weekly scheduling and coordination of workflow assists with completing performance reviews of bank associates assists with training planning assigning and disciplining employees in the branch may perform other duties as requested supervisory responsibilities supervise bank associates skills good interpersonal skills including listening written and verbal communication ability to work with a wide variety of personalities in a courteous and professional manner solid math and analytical skills ability to understand and follow safety and security practices strong relationship building skills proven ability to build relationships through consultative conversations and to identify customer needs and translate those needs to sales opportunities strong customer serviceadvocacy skills good organizational and time management skills good pc skills and the ability to quickly learn other computer programs including microsoft office ability to evaluate others on their performance ability to effectively coach develop and manage staff performance education high school diploma or ged work experience years retail banking experience supervisory experience preferred licenses andor certificates none working conditions work is mainly performed under general office conditions in a retailbanking establishment must be willing and able to work required overtime must be willing and able to travel to other locationsbranches must be flexible and demonstrate the ability to adapt to new job locations and reassignments as directed hazards those present in a retailbanking establishment in the course of working with customers the employee may encounter abusive aggressive or unpredicted threatening behavior must observe safety and security practices at the branch this job description may not be allinclusive employees are expected to perform other duties as assigned and directed by management job descriptions and duties may be modified when deemed appropriate by management we are an equal opportunity employer and all qualified applicants will receive consideration for employment without regard to age and over color disability gender identity genetic information military or veteran status national origin race religion sex sexual orientation or any other applicable status protected by state or local law,BANKING,1.0,0.85,0.7666666666666667,0.2,1.0,0.8937457483404276,0.8268490629226183,0.18566052105224778,Hybrid,355.2021904379999
Hybrid_Weighted_BM25_BGE,34,part time patient advocate just an idea job details job type parttime qualifications case management year preferredspanish preferred indeeds salary guide not provided by employer a year is indeeds estimated salary for this role in brooklyn nyreport inaccurate salary full job description position summary under the supervision of the director the assistant patient advocate shall ensure that patients are aware of and empowered to exercise their rights nysdoh heshe shall address patientsurrogate questions concerns and complaints and work toward mutually acceptable solutions nysdoh patients bill of rights and jcaho standard dutiesresponsibilities serves as a liaison between patients their families and medical center staff striving to make the medical center user friendly assists in interpreting the hospitals policies and procedures for the requested assists patientsurrogate in understanding their rights and responsibilities investigates concerns and complaints articulated by patients and their surrogates involves appropriate medical center staff and departments as necessary works to achieve mutually satisfactory resolution provide assistance when requested to patients desiring to complete an advance directive when requested by patientsurrogate provides a written response of the findings of an investigation if patientsurrogate is not satisfied with response refers them to the new york state department of healths office assists in referring patientsurrogate to appropriate services and resources responds himherself when other alternatives are not available documents patientsurrogate interactions using departmentally established procedures and timelines refers to interpreters list to provide interpreters when language barriers present communication problems evaluates and interprets information gathered from patientsurrogate interactions in order to spot patterns and trends performs all other duties as required formal education and jobrelated experience this position requires a minimum formal education of associate degree or certification equivalent and a minimum of years jobrelated experience desired not required criteria include bachelors degree preferredbilingual englishspanish beneficialcomputer knowledge windows wordperfect relevant work experience job type parttime schedule hour shiftability to commuterelocate brooklyn ny reliably commute or planning to relocate before starting work preferredexperience patient case managers advocates year preferredcase management year preferredlanguage spanish preferredwork location one location hiring insights application response rate hiring candidate for this role urgently hiring,ADVOCATE,0.8,0.75,0.6333333333333333,0.16101694915254236,0.8165901947515998,0.780347507863838,0.694241476733232,0.13097143665340394,Hybrid,355.2021904379999
Hybrid_Weighted_BM25_BGE,35,remote patient advocate specialist fulltime entry level great way to get hands on experience plenty of opportunities for growth within location remote in morehead ky working onsite at a medical facility as needed hours mondayfriday medical screenings vaccinations required for position we are a leading provider of transformational outsourcing solutions and services spanning the customer lifecycle across the healthcare industry at firstsource solutions usa llc our employees are there for the moments that matter for customers as they navigate some of the biggest most challenging nerveracking and rewarding decisions of their lives dealing with healthcare challenges is hard enough but the added burden of not knowing how much that care will cost or having a means to pay for it often creates additional stress and anxiety its times like these when our teams are there to help guide these patients and their families through the complex eligibility and payment process at firstsource solutions usa llc we take the burden away from the patient and their family allowing them to focus on their health when they need to most afterwards we work with patients to identify insurance eligibility help them navigate their financial responsibilities and introduce ways to achieve financial wellbeing through payment arrangement options our firstsource solutions usa llc teams are with patients all the way providing support and assistance all the while seeing firsthand the positive impact of their work through the emotions of relief and joy of the patients join our team and make a difference the goal of the patient advocate specialist is to successfully resolve account balances for medical services provided by multiple healthcare facilities to patients by contacting the patients by telephone and screen them to determine if the patient is eligible for state county and federal assistance programs essential duties and responsibilities screen patients for eligibility of state and federal programs identify all areas of patients needs and assist them with an application for the appropriate state or federal agency for assistance initiate the application process when possible advise patients of the appropriate assistance programs to best suit their individual needs provide detailed instructions to patients regarding securing all available program benefits advise patients of program time limitations and ensure that all deadlines are met complete all necessary steps in locating patients and involving the outside field staff when necessary obtain all necessary information from patients upon the initial contact when possible record thorough and accurate documentation on patient accounts in the cubs system all documentation in the cubs system should be clear and concise maintain a positive relationship with patients throughout the entire application process assess the status and progress of applications contact government agencies when necessary followup with assigned accounts until every avenue is exhausted in trying to secure benefits for the patients or the patient is approved for a program and billing information is obtained other duties as assigned or required by client contract additional duties and responsibilities maintain good working relationships with state and federal agencies resolve accounts in a timely manner meet daily productivity goals and objectives as assigned by management maintain confidentiality of account information at all times adhere to prescribed policies and procedures as outlined in the employee handbook and the employee code of conduct maintain awareness of and actively participate in the corporate compliance program maintain a neat and orderly workstation assist with other projects as assigned by management qualifications educationalvocationalprevious experience recommendations high school diploma or equivalent is required prefer previous customer servicecall center experience prefer previous experience with medical coding or billing proficient pc knowledge and the ability to type wpm ability to effectively work and communicate with coworkers patients and outside agencies ability to present oneself in a courteous and professional manner at all times ability to stay on task with little or no management supervision demonstrate initiative and creativity in fulfilling job responsibilities excellent organization skills ability to prioritize multiple tasks in a busy work environment reliability of task completion and followup working conditions must be able to sit for extended periods of time for remote work from home must have a quiet private area to perform work benefits including but not limited to medical vision dental paid time off we are an equal opportunity employer that does not discriminate based on age over race color religion sex national origin protected veteran status disability sexual orientation gender identity or any other protected class in accordance with applicable laws firstsource solutions usa llc primary location united stateskentuckymorehead job associate organization healthcare provider onshore operations job posting jul am,ADVOCATE,0.8,0.75,0.7,0.17796610169491525,0.8048109992093389,0.771780755771621,0.7324110463895893,0.1404982953577958,Hybrid,355.2021904379999
